Primer_name,Plate,Pool
OG0003738primerGroup5,1,1
OG0003726primerGroup2,1,1
OG0000329primerGroup6,1,1
OG0000338primerGroup4,1,1
OG0000360primerGroup4,1,1
OG0003682primerGroup9,1,1
OG0003657primerGroup0,1,1
OG0003648primerGroup0,1,1
OG0000406primerGroup1,1,1
OG0003615primerGroup9,1,1
OG0003602primerGroup5,1,1
OG0000444primerGroup9,1,1
OG0000459primerGroup4,1,1
OG0003567primerGroup9,1,1
OG0000493primerGroup9,1,1
OG0003535primerGroup5,1,1
OG0000521primerGroup2,1,1
OG0003506primerGroup9,1,1
OG0000550primerGroup8,1,1
OG0003404primerGroup7,1,1
OG0003371primerGroup6,1,1
OG0003346primerGroup5,1,1
OG0003320primerGroup1,1,1
OG0003292primerGroup0,1,1
OG0003264primerGroup9,1,1
OG0003238primerGroup7,1,1
OG0003212primerGroup2,1,1
OG0000893primerGroup5,1,1
OG0003176primerGroup1,1,1
OG0003150primerGroup0,1,1
OG0003133primerGroup3,1,1
OG0000968primerGroup1,1,1
OG0003108primerGroup6,1,1
OG0001003primerGroup5,1,1
OG0001017primerGroup2,1,1
OG0003066primerGroup0,1,1
OG0001045primerGroup8,1,1
OG0001061primerGroup6,1,1
OG0001076primerGroup0,1,1
OG0003028primerGroup0,1,1
OG0001100primerGroup3,1,1
OG0001116primerGroup3,1,1
OG0002992primerGroup9,1,1
OG0002979primerGroup7,1,1
OG0001150primerGroup0,1,1
OG0001167primerGroup4,1,1
OG0001177primerGroup0,1,1
OG0002924primerGroup3,1,1
OG0001208primerGroup7,1,1
OG0002894primerGroup5,1,1
OG0001397primerGroup8,1,1
OG0002747primerGroup1,1,1
OG0002733primerGroup3,1,1
OG0002713primerGroup1,1,1
OG0001438primerGroup2,1,1
OG0002682primerGroup2,1,1
OG0001465primerGroup3,1,1
OG0001483primerGroup3,1,1
OG0001494primerGroup2,1,1
OG0001511primerGroup0,1,1
OG0001524primerGroup2,1,1
OG0002608primerGroup5,1,1
OG0001538primerGroup3,1,1
OG0002577primerGroup6,1,1
OG0002561primerGroup2,1,1
OG0001577primerGroup5,1,1
OG0001588primerGroup4,1,1
OG0002523primerGroup2,1,1
OG0002511primerGroup9,1,1
OG0001627primerGroup7,1,1
OG0002473primerGroup4,1,1
OG0001643primerGroup0,1,1
OG0001656primerGroup4,1,1
OG0002425primerGroup9,1,1
OG0001679primerGroup1,1,1
OG0001692primerGroup0,1,1
OG0002388primerGroup1,1,1
OG0001723primerGroup2,1,1
OG0001735primerGroup9,1,1
OG0001747primerGroup1,1,1
OG0002337primerGroup0,1,1
OG0002320primerGroup6,1,1
OG0002307primerGroup2,1,1
OG0001794primerGroup4,1,1
OG0001805primerGroup6,1,1
OG0001819primerGroup5,1,1
OG0002255primerGroup1,1,1
OG0001845primerGroup0,1,1
OG0001859primerGroup6,1,1
OG0002224primerGroup1,1,1
OG0001894primerGroup9,1,1
OG0001906primerGroup0,1,1
OG0002192primerGroup9,1,1
OG0002179primerGroup1,1,1
OG0001946primerGroup8,1,1
OG0002153primerGroup0,1,1
OG0001976primerGroup0,2,1
OG0002132primerGroup5,2,1
OG0002118primerGroup1,2,1
OG0002010primerGroup7,2,1
OG0002088primerGroup0,2,1
OG0002036primerGroup5,2,1
OG0002052primerGroup0,2,1
OG0003737primerGroup3,3,2
OG0000319primerGroup2,3,2
OG0003712primerGroup9,3,2
OG0003697primerGroup0,3,2
OG0003692primerGroup5,3,2
OG0000375primerGroup2,3,2
OG0000378primerGroup0,3,2
OG0000393primerGroup5,3,2
OG0000407primerGroup4,3,2
OG0003614primerGroup4,3,2
OG0003601primerGroup1,3,2
OG0000445primerGroup5,3,2
OG0003569primerGroup8,3,2
OG0000482primerGroup0,3,2
OG0003550primerGroup3,3,2
OG0003532primerGroup2,3,2
OG0003520primerGroup3,3,2
OG0000541primerGroup9,3,2
OG0003491primerGroup5,3,2
OG0003403primerGroup5,3,2
OG0003370primerGroup3,3,2
OG0003345primerGroup9,3,2
OG0003318primerGroup5,3,2
OG0003291primerGroup0,3,2
OG0003263primerGroup8,3,2
OG0003237primerGroup7,3,2
OG0003211primerGroup2,3,2
OG0000894primerGroup1,3,2
OG0003175primerGroup4,3,2
OG0000939primerGroup1,3,2
OG0000955primerGroup3,3,2
OG0000969primerGroup0,3,2
OG0003107primerGroup4,3,2
OG0001004primerGroup8,3,2
OG0003080primerGroup1,3,2
OG0003065primerGroup1,3,2
OG0001046primerGroup7,3,2
OG0003048primerGroup1,3,2
OG0001077primerGroup5,3,2
OG0003027primerGroup0,3,2
OG0001101primerGroup3,3,2
OG0001117primerGroup4,3,2
OG0002991primerGroup0,3,2
OG0001144primerGroup1,3,2
OG0002960primerGroup7,3,2
OG0002951primerGroup1,3,2
OG0001178primerGroup2,3,2
OG0002923primerGroup3,3,2
OG0001209primerGroup5,3,2
OG0002893primerGroup5,3,2
OG0002759primerGroup2,3,2
OG0001414primerGroup0,3,2
OG0001425primerGroup1,3,2
OG0001430primerGroup4,3,2
OG0001439primerGroup1,3,2
OG0002681primerGroup7,3,2
OG0001466primerGroup7,3,2
OG0002661primerGroup6,3,2
OG0002648primerGroup8,3,2
OG0001512primerGroup9,3,2
OG0002627primerGroup0,3,2
OG0002607primerGroup5,3,2
OG0002586primerGroup4,3,2
OG0002576primerGroup5,3,2
OG0002560primerGroup9,3,2
OG0002548primerGroup4,3,2
OG0001589primerGroup8,3,2
OG0001601primerGroup3,3,2
OG0001618primerGroup0,3,2
OG0002496primerGroup1,3,2
OG0002472primerGroup4,3,2
OG0002453primerGroup6,3,2
OG0002441primerGroup3,3,2
OG0001668primerGroup6,3,2
OG0002411primerGroup7,3,2
OG0002398primerGroup9,3,2
OG0001706primerGroup0,3,2
OG0002381primerGroup9,3,2
OG0002367primerGroup0,3,2
OG0002352primerGroup4,3,2
OG0002336primerGroup5,3,2
OG0001769primerGroup9,3,2
OG0002306primerGroup1,3,2
OG0002292primerGroup0,3,2
OG0002278primerGroup6,3,2
OG0002268primerGroup7,3,2
OG0001830primerGroup0,3,2
OG0001847primerGroup0,3,2
OG0001860primerGroup0,3,2
OG0002223primerGroup1,3,2
OG0002217primerGroup1,3,2
OG0002205primerGroup1,3,2
OG0001920primerGroup6,3,2
OG0002178primerGroup0,3,2
OG0002165primerGroup7,3,2
OG0001959primerGroup1,3,2
OG0001977primerGroup0,4,2
OG0001990primerGroup2,4,2
OG0002117primerGroup7,4,2
OG0002011primerGroup0,4,2
OG0002022primerGroup8,4,2
OG0002074primerGroup3,4,2
OG0002064primerGroup3,4,2
OG0003736primerGroup9,5,3
OG0000320primerGroup6,5,3
OG0003711primerGroup7,5,3
OG0000340primerGroup8,5,3
OG0000361primerGroup4,5,3
OG0003681primerGroup4,5,3
OG0000379primerGroup2,5,3
OG0000394primerGroup0,5,3
OG0000408primerGroup2,5,3
OG0000421primerGroup0,5,3
OG0003600primerGroup6,5,3
OG0003581primerGroup8,5,3
OG0000460primerGroup5,5,3
OG0003566primerGroup0,5,3
OG0000494primerGroup9,5,3
OG0000507primerGroup7,5,3
OG0003519primerGroup1,5,3
OG0003505primerGroup0,5,3
OG0000551primerGroup2,5,3
OG0003400primerGroup0,5,3
OG0003369primerGroup3,5,3
OG0003344primerGroup6,5,3
OG0003317primerGroup9,5,3
OG0003290primerGroup9,5,3
OG0003262primerGroup0,5,3
OG0003236primerGroup5,5,3
OG0003210primerGroup4,5,3
OG0003195primerGroup2,5,3
OG0003174primerGroup0,5,3
OG0000940primerGroup4,5,3
OG0003132primerGroup8,5,3
OG0000970primerGroup3,5,3
OG0003106primerGroup0,5,3
OG0003091primerGroup3,5,3
OG0003079primerGroup5,5,3
OG0001028primerGroup6,5,3
OG0001047primerGroup8,5,3
OG0001062primerGroup5,5,3
OG0001078primerGroup5,5,3
OG0003026primerGroup0,5,3
OG0001103primerGroup8,5,3
OG0001118primerGroup0,5,3
OG0001131primerGroup0,5,3
OG0002978primerGroup2,5,3
OG0001152primerGroup5,5,3
OG0001168primerGroup5,5,3
OG0001179primerGroup1,5,3
OG0001194primerGroup2,5,3
OG0002911primerGroup7,5,3
OG0002892primerGroup0,5,3
OG0001398primerGroup7,5,3
OG0002746primerGroup0,5,3
OG0002732primerGroup4,5,3
OG0002712primerGroup6,5,3
OG0002694primerGroup8,5,3
OG0001455primerGroup1,5,3
OG0001467primerGroup3,5,3
OG0001484primerGroup6,5,3
OG0001495primerGroup9,5,3
OG0002640primerGroup3,5,3
OG0001525primerGroup1,5,3
OG0002605primerGroup6,5,3
OG0002585primerGroup9,5,3
OG0001556primerGroup5,5,3
OG0002559primerGroup6,5,3
OG0002547primerGroup0,5,3
OG0002535primerGroup2,5,3
OG0001602primerGroup0,5,3
OG0002510primerGroup8,5,3
OG0002495primerGroup6,5,3
OG0002471primerGroup7,5,3
OG0002452primerGroup0,5,3
OG0001657primerGroup2,5,3
OG0002424primerGroup0,5,3
OG0002410primerGroup0,5,3
OG0002397primerGroup0,5,3
OG0001707primerGroup0,5,3
OG0001724primerGroup3,5,3
OG0002366primerGroup0,5,3
OG0002351primerGroup4,5,3
OG0001760primerGroup0,5,3
OG0002319primerGroup9,5,3
OG0001785primerGroup7,5,3
OG0001795primerGroup5,5,3
OG0001806primerGroup7,5,3
OG0001820primerGroup8,5,3
OG0001831primerGroup0,5,3
OG0001848primerGroup0,5,3
OG0002234primerGroup0,5,3
OG0001875primerGroup1,5,3
OG0001895primerGroup9,5,3
OG0002204primerGroup3,5,3
OG0002191primerGroup7,5,3
OG0001934primerGroup8,5,3
OG0001947primerGroup5,5,3
OG0002152primerGroup3,5,3
OG0002145primerGroup7,6,3
OG0002131primerGroup4,6,3
OG0002116primerGroup0,6,3
OG0002012primerGroup2,6,3
OG0002087primerGroup1,6,3
OG0002037primerGroup1,6,3
OG0002053primerGroup9,6,3
OG0003735primerGroup0,7,4
OG0003725primerGroup6,7,4
OG0000330primerGroup2,7,4
OG0003696primerGroup0,7,4
OG0000362primerGroup2,7,4
OG0003680primerGroup4,7,4
OG0000380primerGroup1,7,4
OG0000395primerGroup0,7,4
OG0000409primerGroup5,7,4
OG0003613primerGroup0,7,4
OG0003599primerGroup5,7,4
OG0000446primerGroup2,7,4
OG0000461primerGroup0,7,4
OG0000483primerGroup1,7,4
OG0003549primerGroup1,7,4
OG0003531primerGroup7,7,4
OG0003518primerGroup3,7,4
OG0000542primerGroup4,7,4
OG0003490primerGroup3,7,4
OG0003397primerGroup8,7,4
OG0003368primerGroup5,7,4
OG0003342primerGroup6,7,4
OG0003316primerGroup7,7,4
OG0003289primerGroup8,7,4
OG0003261primerGroup1,7,4
OG0003235primerGroup0,7,4
OG0003209primerGroup1,7,4
OG0000895primerGroup0,7,4
OG0003172primerGroup0,7,4
OG0000941primerGroup2,7,4
OG0000956primerGroup4,7,4
OG0003118primerGroup0,7,4
OG0000990primerGroup8,7,4
OG0003090primerGroup0,7,4
OG0001018primerGroup1,7,4
OG0003064primerGroup0,7,4
OG0001048primerGroup0,7,4
OG0003047primerGroup4,7,4
OG0003038primerGroup7,7,4
OG0003025primerGroup8,7,4
OG0001104primerGroup0,7,4
OG0003003primerGroup9,7,4
OG0001132primerGroup0,7,4
OG0001145primerGroup1,7,4
OG0001153primerGroup3,7,4
OG0002950primerGroup2,7,4
OG0002934primerGroup9,7,4
OG0002922primerGroup0,7,4
OG0001210primerGroup0,7,4
OG0002891primerGroup1,7,4
OG0001400primerGroup1,7,4
OG0001415primerGroup2,7,4
OG0001426primerGroup7,7,4
OG0002711primerGroup6,7,4
OG0002693primerGroup6,7,4
OG0002680primerGroup8,7,4
OG0001468primerGroup2,7,4
OG0002660primerGroup2,7,4
OG0001496primerGroup8,7,4
OG0001513primerGroup9,7,4
OG0002626primerGroup1,7,4
OG0002604primerGroup3,7,4
OG0002584primerGroup3,7,4
OG0002575primerGroup1,7,4
OG0001564primerGroup0,7,4
OG0001578primerGroup9,7,4
OG0001590primerGroup3,7,4
OG0002521primerGroup0,7,4
OG0001619primerGroup3,7,4
OG0002494primerGroup4,7,4
OG0002470primerGroup3,7,4
OG0001644primerGroup5,7,4
OG0002440primerGroup4,7,4
OG0002423primerGroup4,7,4
OG0001681primerGroup7,7,4
OG0002396primerGroup3,7,4
OG0001708primerGroup3,7,4
OG0002380primerGroup0,7,4
OG0002365primerGroup3,7,4
OG0001748primerGroup1,7,4
OG0002335primerGroup3,7,4
OG0001770primerGroup1,7,4
OG0002305primerGroup2,7,4
OG0002291primerGroup5,7,4
OG0002277primerGroup6,7,4
OG0002267primerGroup0,7,4
OG0001832primerGroup7,7,4
OG0002245primerGroup9,7,4
OG0001861primerGroup9,7,4
OG0002222primerGroup6,7,4
OG0001896primerGroup2,7,4
OG0002203primerGroup6,7,4
OG0002190primerGroup2,7,4
OG0002177primerGroup0,7,4
OG0002164primerGroup4,7,4
OG0001960primerGroup0,7,4
OG0002144primerGroup6,8,4
OG0002130primerGroup2,8,4
OG0002115primerGroup1,8,4
OG0002102primerGroup5,8,4
OG0002023primerGroup0,8,4
OG0002073primerGroup4,8,4
OG0002063primerGroup2,8,4
OG0003734primerGroup4,9,5
OG0003724primerGroup6,9,5
OG0003710primerGroup0,9,5
OG0003695primerGroup0,9,5
OG0003691primerGroup7,9,5
OG0000376primerGroup0,9,5
OG0003656primerGroup8,9,5
OG0003646primerGroup0,9,5
OG0003630primerGroup0,9,5
OG0000422primerGroup3,9,5
OG0000434primerGroup3,9,5
OG0000447primerGroup6,9,5
OG0000462primerGroup0,9,5
OG0003565primerGroup0,9,5
OG0000495primerGroup6,9,5
OG0000508primerGroup0,9,5
OG0000526primerGroup5,9,5
OG0003504primerGroup5,9,5
OG0000552primerGroup0,9,5
OG0003393primerGroup6,9,5
OG0003367primerGroup1,9,5
OG0003341primerGroup1,9,5
OG0003315primerGroup8,9,5
OG0003288primerGroup5,9,5
OG0003260primerGroup3,9,5
OG0003234primerGroup0,9,5
OG0003208primerGroup0,9,5
OG0000896primerGroup1,9,5
OG0003171primerGroup7,9,5
OG0003147primerGroup4,9,5
OG0003131primerGroup1,9,5
OG0000971primerGroup9,9,5
OG0003105primerGroup5,9,5
OG0001005primerGroup6,9,5
OG0001019primerGroup1,9,5
OG0003063primerGroup0,9,5
OG0001049primerGroup7,9,5
OG0001063primerGroup4,9,5
OG0003037primerGroup4,9,5
OG0001090primerGroup0,9,5
OG0003014primerGroup0,9,5
OG0001120primerGroup2,9,5
OG0001133primerGroup6,9,5
OG0002977primerGroup1,9,5
OG0001154primerGroup0,9,5
OG0001169primerGroup0,9,5
OG0001180primerGroup0,9,5
OG0001195primerGroup0,9,5
OG0002909primerGroup0,9,5
OG0002890primerGroup8,9,5
OG0001401primerGroup5,9,5
OG0002745primerGroup5,9,5
OG0002731primerGroup7,9,5
OG0002710primerGroup3,9,5
OG0001440primerGroup0,9,5
OG0002679primerGroup2,9,5
OG0002668primerGroup4,9,5
OG0001485primerGroup9,9,5
OG0002647primerGroup5,9,5
OG0002639primerGroup5,9,5
OG0001526primerGroup3,9,5
OG0002603primerGroup2,9,5
OG0001539primerGroup5,9,5
OG0001557primerGroup1,9,5
OG0002558primerGroup0,9,5
OG0002546primerGroup1,9,5
OG0002534primerGroup3,9,5
OG0001604primerGroup0,9,5
OG0002509primerGroup1,9,5
OG0001628primerGroup0,9,5
OG0002469primerGroup2,9,5
OG0002451primerGroup0,9,5
OG0002439primerGroup2,9,5
OG0001669primerGroup2,9,5
OG0001682primerGroup7,9,5
OG0001693primerGroup1,9,5
OG0001709primerGroup4,9,5
OG0002379primerGroup7,9,5
OG0001736primerGroup3,9,5
OG0001749primerGroup0,9,5
OG0002334primerGroup3,9,5
OG0002318primerGroup7,9,5
OG0002304primerGroup2,9,5
OG0002290primerGroup6,9,5
OG0001807primerGroup0,9,5
OG0002266primerGroup2,9,5
OG0002254primerGroup6,9,5
OG0002244primerGroup0,9,5
OG0001862primerGroup7,9,5
OG0002221primerGroup0,9,5
OG0002216primerGroup5,9,5
OG0001909primerGroup2,9,5
OG0001921primerGroup5,9,5
OG0002176primerGroup0,9,5
OG0001948primerGroup7,9,5
OG0001962primerGroup0,9,5
OG0001978primerGroup0,10,5
OG0001991primerGroup9,10,5
OG0002001primerGroup2,10,5
OG0002013primerGroup7,10,5
OG0002086primerGroup0,10,5
OG0002038primerGroup9,10,5
OG0002054primerGroup2,10,5
OG0000294primerGroup8,11,6
OG0003723primerGroup1,11,6
OG0003709primerGroup5,11,6
OG0000341primerGroup1,11,6
OG0000363primerGroup0,11,6
OG0000377primerGroup0,11,6
OG0003655primerGroup4,11,6
OG0000396primerGroup9,11,6
OG0003629primerGroup0,11,6
OG0003612primerGroup1,11,6
OG0000435primerGroup1,11,6
OG0003580primerGroup0,11,6
OG0000463primerGroup7,11,6
OG0003564primerGroup8,11,6
OG0000496primerGroup4,11,6
OG0003530primerGroup3,11,6
OG0003517primerGroup0,11,6
OG0000543primerGroup5,11,6
OG0003489primerGroup5,11,6
OG0003390primerGroup8,11,6
OG0003366primerGroup5,11,6
OG0003340primerGroup2,11,6
OG0003314primerGroup6,11,6
OG0003287primerGroup4,11,6
OG0003259primerGroup2,11,6
OG0003233primerGroup5,11,6
OG0003207primerGroup6,11,6
OG0000897primerGroup0,11,6
OG0003170primerGroup8,11,6
OG0003146primerGroup4,11,6
OG0003130primerGroup6,11,6
OG0003117primerGroup2,11,6
OG0000991primerGroup4,11,6
OG0003088primerGroup3,11,6
OG0003078primerGroup1,11,6
OG0001029primerGroup4,11,6
OG0001050primerGroup5,11,6
OG0003046primerGroup2,11,6
OG0001079primerGroup1,11,6
OG0001091primerGroup0,11,6
OG0001105primerGroup9,11,6
OG0001121primerGroup2,11,6
OG0002990primerGroup2,11,6
OG0002976primerGroup6,11,6
OG0002958primerGroup0,11,6
OG0001171primerGroup0,11,6
OG0002933primerGroup8,11,6
OG0002921primerGroup9,11,6
OG0001211primerGroup0,11,6
OG0002889primerGroup0,11,6
OG0002757primerGroup2,11,6
OG0001416primerGroup4,11,6
OG0002730primerGroup4,11,6
OG0002709primerGroup3,11,6
OG0002692primerGroup6,11,6
OG0002678primerGroup9,11,6
OG0001469primerGroup0,11,6
OG0001486primerGroup0,11,6
OG0002646primerGroup6,11,6
OG0002638primerGroup2,11,6
OG0002625primerGroup0,11,6
OG0002602primerGroup2,11,6
OG0001540primerGroup6,11,6
OG0002574primerGroup2,11,6
OG0001565primerGroup8,11,6
OG0001579primerGroup7,11,6
OG0001591primerGroup0,11,6
OG0002520primerGroup8,11,6
OG0001620primerGroup2,11,6
OG0002493primerGroup0,11,6
OG0002468primerGroup2,11,6
OG0001645primerGroup4,11,6
OG0001659primerGroup1,11,6
OG0002422primerGroup1,11,6
OG0002409primerGroup6,11,6
OG0001694primerGroup5,11,6
OG0001710primerGroup8,11,6
OG0001725primerGroup0,11,6
OG0002364primerGroup0,11,6
OG0001750primerGroup0,11,6
OG0001761primerGroup7,11,6
OG0001771primerGroup1,11,6
OG0002303primerGroup3,11,6
OG0002289primerGroup8,11,6
OG0002276primerGroup0,11,6
OG0001821primerGroup3,11,6
OG0001833primerGroup8,11,6
OG0002243primerGroup2,11,6
OG0002233primerGroup1,11,6
OG0001876primerGroup8,11,6
OG0001897primerGroup4,11,6
OG0002202primerGroup0,11,6
OG0001922primerGroup4,11,6
OG0001935primerGroup0,11,6
OG0001949primerGroup1,11,6
OG0002151primerGroup2,11,6
OG0001979primerGroup4,12,6
OG0002129primerGroup0,12,6
OG0002113primerGroup6,12,6
OG0002014primerGroup5,12,6
OG0002024primerGroup4,12,6
OG0002039primerGroup5,12,6
OG0002062primerGroup3,12,6
OG0003733primerGroup4,13,7
OG0003722primerGroup2,13,7
OG0000331primerGroup9,13,7
OG0003694primerGroup7,13,7
OG0003690primerGroup6,13,7
OG0003677primerGroup7,13,7
OG0000381primerGroup2,13,7
OG0000397primerGroup2,13,7
OG0000410primerGroup6,13,7
OG0003611primerGroup0,13,7
OG0003595primerGroup0,13,7
OG0003578primerGroup6,13,7
OG0000464primerGroup1,13,7
OG0003562primerGroup1,13,7
OG0003547primerGroup3,13,7
OG0000509primerGroup7,13,7
OG0003516primerGroup0,13,7
OG0000544primerGroup9,13,7
OG0000553primerGroup0,13,7
OG0003389primerGroup0,13,7
OG0003365primerGroup1,13,7
OG0003339primerGroup8,13,7
OG0003313primerGroup3,13,7
OG0003286primerGroup2,13,7
OG0003258primerGroup6,13,7
OG0003232primerGroup8,13,7
OG0003206primerGroup0,13,7
OG0000898primerGroup6,13,7
OG0003169primerGroup0,13,7
OG0000945primerGroup0,13,7
OG0003129primerGroup8,13,7
OG0003116primerGroup5,13,7
OG0003104primerGroup4,13,7
OG0001006primerGroup0,13,7
OG0003077primerGroup4,13,7
OG0003062primerGroup0,13,7
OG0001051primerGroup5,13,7
OG0001064primerGroup7,13,7
OG0003036primerGroup0,13,7
OG0001092primerGroup0,13,7
OG0003013primerGroup1,13,7
OG0003002primerGroup7,13,7
OG0001134primerGroup2,13,7
OG0002975primerGroup0,13,7
OG0002957primerGroup8,13,7
OG0002949primerGroup7,13,7
OG0001182primerGroup2,13,7
OG0001196primerGroup1,13,7
OG0002908primerGroup0,13,7
OG0002888primerGroup0,13,7
OG0002756primerGroup0,13,7
OG0001417primerGroup1,13,7
OG0001427primerGroup5,13,7
OG0002708primerGroup0,13,7
OG0002691primerGroup5,13,7
OG0002677primerGroup0,13,7
OG0001470primerGroup9,13,7
OG0002659primerGroup7,13,7
OG0002645primerGroup6,13,7
OG0001514primerGroup5,13,7
OG0001527primerGroup2,13,7
OG0002601primerGroup6,13,7
OG0002583primerGroup9,13,7
OG0001558primerGroup8,13,7
OG0001566primerGroup2,13,7
OG0002545primerGroup2,13,7
OG0002533primerGroup4,13,7
OG0001606primerGroup0,13,7
OG0002508primerGroup5,13,7
OG0002492primerGroup2,13,7
OG0002467primerGroup0,13,7
OG0002450primerGroup6,13,7
OG0002438primerGroup8,13,7
OG0001670primerGroup0,13,7
OG0001683primerGroup2,13,7
OG0002395primerGroup8,13,7
OG0002387primerGroup3,13,7
OG0002378primerGroup5,13,7
OG0001737primerGroup9,13,7
OG0001752primerGroup7,13,7
OG0002333primerGroup2,13,7
OG0002317primerGroup0,13,7
OG0001786primerGroup6,13,7
OG0002287primerGroup1,13,7
OG0001808primerGroup7,13,7
OG0002265primerGroup9,13,7
OG0001834primerGroup6,13,7
OG0002242primerGroup2,13,7
OG0001863primerGroup7,13,7
OG0001877primerGroup6,13,7
OG0002215primerGroup0,13,7
OG0001910primerGroup6,13,7
OG0002188primerGroup7,13,7
OG0002175primerGroup8,13,7
OG0002163primerGroup7,13,7
OG0001963primerGroup0,13,7
OG0001980primerGroup0,14,7
OG0001992primerGroup9,14,7
OG0002002primerGroup6,14,7
OG0002101primerGroup7,14,7
OG0002085primerGroup0,14,7
OG0002040primerGroup5,14,7
OG0002055primerGroup0,14,7
OG0003732primerGroup8,15,8
OG0003721primerGroup2,15,8
OG0003708primerGroup9,15,8
OG0000343primerGroup4,15,8
OG0000364primerGroup3,15,8
OG0003676primerGroup0,15,8
OG0000382primerGroup5,15,8
OG0003645primerGroup0,15,8
OG0000411primerGroup4,15,8
OG0000424primerGroup9,15,8
OG0003594primerGroup0,15,8
OG0000448primerGroup4,15,8
OG0000465primerGroup9,15,8
OG0000484primerGroup9,15,8
OG0003546primerGroup0,15,8
OG0003529primerGroup9,15,8
OG0003515primerGroup1,15,8
OG0003503primerGroup4,15,8
OG0003488primerGroup0,15,8
OG0003388primerGroup5,15,8
OG0003363primerGroup6,15,8
OG0003338primerGroup7,15,8
OG0003312primerGroup2,15,8
OG0003285primerGroup6,15,8
OG0003257primerGroup8,15,8
OG0003230primerGroup0,15,8
OG0003205primerGroup2,15,8
OG0003193primerGroup1,15,8
OG0003168primerGroup5,15,8
OG0003144primerGroup7,15,8
OG0003128primerGroup1,15,8
OG0000972primerGroup3,15,8
OG0000992primerGroup0,15,8
OG0003087primerGroup1,15,8
OG0003076primerGroup2,15,8
OG0001030primerGroup8,15,8
OG0001052primerGroup2,15,8
OG0003045primerGroup6,15,8
OG0003035primerGroup5,15,8
OG0003024primerGroup1,15,8
OG0001106primerGroup4,15,8
OG0001122primerGroup0,15,8
OG0001135primerGroup1,15,8
OG0002974primerGroup3,15,8
OG0001155primerGroup4,15,8
OG0002948primerGroup1,15,8
OG0002932primerGroup2,15,8
OG0002920primerGroup0,15,8
OG0002907primerGroup1,15,8
OG0002887primerGroup9,15,8
OG0001402primerGroup0,15,8
OG0002744primerGroup6,15,8
OG0002729primerGroup2,15,8
OG0002707primerGroup2,15,8
OG0001441primerGroup2,15,8
OG0001456primerGroup9,15,8
OG0002667primerGroup9,15,8
OG0001487primerGroup1,15,8
OG0001497primerGroup2,15,8
OG0002637primerGroup2,15,8
OG0002624primerGroup7,15,8
OG0002600primerGroup0,15,8
OG0001541primerGroup1,15,8
OG0002573primerGroup9,15,8
OG0002557primerGroup7,15,8
OG0002544primerGroup6,15,8
OG0001592primerGroup3,15,8
OG0002519primerGroup3,15,8
OG0002507primerGroup0,15,8
OG0002491primerGroup1,15,8
OG0002466primerGroup2,15,8
OG0001646primerGroup1,15,8
OG0002437primerGroup9,15,8
OG0002421primerGroup1,15,8
OG0001684primerGroup6,15,8
OG0001695primerGroup0,15,8
OG0001711primerGroup8,15,8
OG0001726primerGroup2,15,8
OG0002363primerGroup6,15,8
OG0002349primerGroup0,15,8
OG0002332primerGroup5,15,8
OG0001772primerGroup8,15,8
OG0002302primerGroup0,15,8
OG0001796primerGroup7,15,8
OG0001809primerGroup0,15,8
OG0001822primerGroup9,15,8
OG0001835primerGroup5,15,8
OG0001849primerGroup7,15,8
OG0001865primerGroup6,15,8
OG0001878primerGroup2,15,8
OG0001898primerGroup0,15,8
OG0001911primerGroup0,15,8
OG0001924primerGroup2,15,8
OG0002174primerGroup5,15,8
OG0001950primerGroup7,15,8
OG0002150primerGroup1,15,8
OG0002142primerGroup0,16,8
OG0002128primerGroup0,16,8
OG0002112primerGroup7,16,8
OG0002100primerGroup8,16,8
OG0002025primerGroup0,16,8
OG0002041primerGroup7,16,8
OG0002061primerGroup2,16,8
OG0000296primerGroup7,17,9
OG0000321primerGroup6,17,9
OG0003707primerGroup9,17,9
OG0000344primerGroup0,17,9
OG0003689primerGroup2,17,9
OG0003675primerGroup2,17,9
OG0003654primerGroup3,17,9
OG0003644primerGroup2,17,9
OG0000412primerGroup5,17,9
OG0003610primerGroup0,17,9
OG0000436primerGroup0,17,9
OG0000449primerGroup0,17,9
OG0000466primerGroup7,17,9
OG0003561primerGroup9,17,9
OG0003544primerGroup0,17,9
OG0000510primerGroup0,17,9
OG0003514primerGroup3,17,9
OG0000545primerGroup7,17,9
OG0003487primerGroup5,17,9
OG0003387primerGroup3,17,9
OG0003362primerGroup4,17,9
OG0003337primerGroup5,17,9
OG0003311primerGroup3,17,9
OG0003284primerGroup4,17,9
OG0003256primerGroup6,17,9
OG0003229primerGroup0,17,9
OG0003204primerGroup0,17,9
OG0003192primerGroup8,17,9
OG0003167primerGroup4,17,9
OG0000946primerGroup2,17,9
OG0003127primerGroup2,17,9
OG0000973primerGroup6,17,9
OG0003103primerGroup0,17,9
OG0003086primerGroup0,17,9
OG0001020primerGroup4,17,9
OG0003061primerGroup0,17,9
OG0001053primerGroup9,17,9
OG0003044primerGroup0,17,9
OG0001080primerGroup0,17,9
OG0003023primerGroup0,17,9
OG0003012primerGroup4,17,9
OG0003001primerGroup8,17,9
OG0002989primerGroup7,17,9
OG0002973primerGroup1,17,9
OG0002956primerGroup2,17,9
OG0002947primerGroup5,17,9
OG0001183primerGroup4,17,9
OG0002919primerGroup8,17,9
OG0002906primerGroup1,17,9
OG0002885primerGroup4,17,9
OG0001403primerGroup0,17,9
OG0001418primerGroup1,17,9
OG0002728primerGroup3,17,9
OG0002706primerGroup5,17,9
OG0001442primerGroup4,17,9
OG0002676primerGroup4,17,9
OG0001471primerGroup2,17,9
OG0002658primerGroup1,17,9
OG0001498primerGroup3,17,9
OG0001515primerGroup3,17,9
OG0001528primerGroup4,17,9
OG0002599primerGroup3,17,9
OG0002582primerGroup0,17,9
OG0001559primerGroup5,17,9
OG0001567primerGroup3,17,9
OG0001580primerGroup8,17,9
OG0002531primerGroup3,17,9
OG0001607primerGroup2,17,9
OG0002506primerGroup3,17,9
OG0002490primerGroup0,17,9
OG0002465primerGroup8,17,9
OG0001647primerGroup9,17,9
OG0001660primerGroup3,17,9
OG0001671primerGroup7,17,9
OG0001685primerGroup6,17,9
OG0002394primerGroup9,17,9
OG0002386primerGroup3,17,9
OG0001727primerGroup8,17,9
OG0002362primerGroup7,17,9
OG0002348primerGroup1,17,9
OG0001762primerGroup7,17,9
OG0002316primerGroup0,17,9
OG0001787primerGroup4,17,9
OG0001797primerGroup0,17,9
OG0002275primerGroup4,17,9
OG0002264primerGroup7,17,9
OG0002252primerGroup0,17,9
OG0002241primerGroup9,17,9
OG0001866primerGroup1,17,9
OG0002220primerGroup6,17,9
OG0001899primerGroup0,17,9
OG0002201primerGroup5,17,9
OG0002187primerGroup0,17,9
OG0001936primerGroup2,17,9
OG0001951primerGroup1,17,9
OG0001964primerGroup4,17,9
OG0002141primerGroup5,18,9
OG0002127primerGroup0,18,9
OG0002003primerGroup3,18,9
OG0002015primerGroup5,18,9
OG0002084primerGroup1,18,9
OG0002072primerGroup0,18,9
OG0002056primerGroup0,18,9
OG0000297primerGroup3,19,10
OG0003720primerGroup5,19,10
OG0003706primerGroup4,19,10
OG0000345primerGroup2,19,10
OG0000365primerGroup1,19,10
OG0003674primerGroup5,19,10
OG0003653primerGroup6,19,10
OG0003643primerGroup2,19,10
OG0003628primerGroup2,19,10
OG0000425primerGroup8,19,10
OG0000437primerGroup2,19,10
OG0000450primerGroup4,19,10
OG0000467primerGroup2,19,10
OG0000485primerGroup9,19,10
OG0000499primerGroup6,19,10
OG0003528primerGroup1,19,10
OG0003513primerGroup5,19,10
OG0000546primerGroup4,19,10
OG0003486primerGroup1,19,10
OG0003386primerGroup9,19,10
OG0003361primerGroup3,19,10
OG0003336primerGroup5,19,10
OG0003310primerGroup2,19,10
OG0003283primerGroup6,19,10
OG0003255primerGroup0,19,10
OG0003228primerGroup4,19,10
OG0003203primerGroup3,19,10
OG0003191primerGroup0,19,10
OG0003166primerGroup4,19,10
OG0003143primerGroup6,19,10
OG0000957primerGroup3,19,10
OG0000974primerGroup5,19,10
OG0003102primerGroup5,19,10
OG0001007primerGroup0,19,10
OG0003075primerGroup5,19,10
OG0001032primerGroup7,19,10
OG0001054primerGroup0,19,10
OG0001065primerGroup5,19,10
OG0003034primerGroup6,19,10
OG0003022primerGroup5,19,10
OG0001107primerGroup4,19,10
OG0001123primerGroup0,19,10
OG0001136primerGroup3,19,10
OG0002972primerGroup9,19,10
OG0002955primerGroup1,19,10
OG0002946primerGroup5,19,10
OG0001184primerGroup9,19,10
OG0001197primerGroup0,19,10
OG0002905primerGroup0,19,10
OG0002884primerGroup5,19,10
OG0001404primerGroup8,19,10
OG0002743primerGroup0,19,10
OG0002727primerGroup2,19,10
OG0002705primerGroup3,19,10
OG0001443primerGroup4,19,10
OG0001457primerGroup0,19,10
OG0001472primerGroup3,19,10
OG0001488primerGroup7,19,10
OG0001499primerGroup5,19,10
OG0002636primerGroup1,19,10
OG0002622primerGroup3,19,10
OG0002598primerGroup2,19,10
OG0001542primerGroup2,19,10
OG0002572primerGroup3,19,10
OG0002556primerGroup7,19,10
OG0002543primerGroup7,19,10
OG0002530primerGroup2,19,10
OG0002518primerGroup6,19,10
OG0002505primerGroup1,19,10
OG0002489primerGroup9,19,10
OG0002464primerGroup3,19,10
OG0001648primerGroup7,19,10
OG0002436primerGroup0,19,10
OG0002420primerGroup3,19,10
OG0002408primerGroup9,19,10
OG0002393primerGroup1,19,10
OG0001712primerGroup1,19,10
OG0002377primerGroup4,19,10
OG0001738primerGroup7,19,10
OG0001753primerGroup3,19,10
OG0001763primerGroup3,19,10
OG0001775primerGroup4,19,10
OG0002301primerGroup3,19,10
OG0002286primerGroup0,19,10
OG0001810primerGroup1,19,10
OG0002263primerGroup0,19,10
OG0001836primerGroup6,19,10
OG0002240primerGroup4,19,10
OG0002232primerGroup9,19,10
OG0001880primerGroup5,19,10
OG0001900primerGroup6,19,10
OG0001912primerGroup2,19,10
OG0001925primerGroup3,19,10
OG0001937primerGroup0,19,10
OG0002161primerGroup5,19,10
OG0001965primerGroup0,19,10
OG0001982primerGroup0,20,10
OG0001993primerGroup7,20,10
OG0002111primerGroup7,20,10
OG0002099primerGroup0,20,10
OG0002026primerGroup8,20,10
OG0002043primerGroup9,20,10
OG0002060primerGroup1,20,10
OG0000298primerGroup4,21,11
OG0003719primerGroup0,21,11
OG0003705primerGroup7,21,11
OG0000346primerGroup0,21,11
OG0000366primerGroup3,21,11
OG0003672primerGroup1,21,11
OG0000383primerGroup0,21,11
OG0000398primerGroup7,21,11
OG0003627primerGroup1,21,11
OG0000426primerGroup0,21,11
OG0003589primerGroup4,21,11
OG0003577primerGroup0,21,11
OG0000468primerGroup1,21,11
OG0003560primerGroup3,21,11
OG0003543primerGroup5,21,11
OG0000511primerGroup6,21,11
OG0000531primerGroup5,21,11
OG0003502primerGroup3,21,11
OG0000554primerGroup1,21,11
OG0003385primerGroup0,21,11
OG0003360primerGroup3,21,11
OG0003335primerGroup6,21,11
OG0003309primerGroup0,21,11
OG0003282primerGroup7,21,11
OG0003254primerGroup2,21,11
OG0003227primerGroup3,21,11
OG0003202primerGroup0,21,11
OG0003190primerGroup4,21,11
OG0003165primerGroup0,21,11
OG0003142primerGroup2,21,11
OG0003126primerGroup0,21,11
OG0000975primerGroup3,21,11
OG0003101primerGroup0,21,11
OG0001008primerGroup3,21,11
OG0003074primerGroup6,21,11
OG0003060primerGroup1,21,11
OG0001055primerGroup0,21,11
OG0001066primerGroup5,21,11
OG0001081primerGroup3,21,11
OG0001093primerGroup1,21,11
OG0001108primerGroup6,21,11
OG0003000primerGroup6,21,11
OG0002987primerGroup7,21,11
OG0002971primerGroup3,21,11
OG0001156primerGroup0,21,11
OG0002945primerGroup7,21,11
OG0001185primerGroup4,21,11
OG0002918primerGroup8,21,11
OG0002903primerGroup5,21,11
OG0001385primerGroup0,21,11
OG0002755primerGroup9,21,11
OG0002742primerGroup1,21,11
OG0002726primerGroup2,21,11
OG0002704primerGroup5,21,11
OG0002690primerGroup0,21,11
OG0001458primerGroup4,21,11
OG0002666primerGroup0,21,11
OG0002657primerGroup1,21,11
OG0001500primerGroup0,21,11
OG0002635primerGroup0,21,11
OG0001529primerGroup2,21,11
OG0002597primerGroup1,21,11
OG0001543primerGroup1,21,11
OG0001560primerGroup1,21,11
OG0002555primerGroup5,21,11
OG0001581primerGroup3,21,11
OG0001593primerGroup1,21,11
OG0001608primerGroup2,21,11
OG0002504primerGroup7,21,11
OG0002488primerGroup1,21,11
OG0002463primerGroup9,21,11
OG0002449primerGroup0,21,11
OG0001661primerGroup4,21,11
OG0002419primerGroup7,21,11
OG0002407primerGroup7,21,11
OG0001696primerGroup0,21,11
OG0002385primerGroup5,21,11
OG0001728primerGroup4,21,11
OG0002361primerGroup3,21,11
OG0002347primerGroup7,21,11
OG0002331primerGroup0,21,11
OG0001776primerGroup6,21,11
OG0001788primerGroup0,21,11
OG0002285primerGroup5,21,11
OG0001811primerGroup6,21,11
OG0002262primerGroup0,21,11
OG0002251primerGroup9,21,11
OG0001850primerGroup0,21,11
OG0001867primerGroup5,21,11
OG0002219primerGroup4,21,11
OG0002214primerGroup7,21,11
OG0002200primerGroup3,21,11
OG0001926primerGroup7,21,11
OG0001938primerGroup0,21,11
OG0001952primerGroup0,21,11
OG0002149primerGroup8,21,11
OG0002140primerGroup7,22,11
OG0002126primerGroup0,22,11
OG0002110primerGroup0,22,11
OG0002016primerGroup4,22,11
OG0002083primerGroup8,22,11
OG0002044primerGroup3,22,11
OG0002057primerGroup1,22,11
OG0000300primerGroup2,23,12
OG0000322primerGroup1,23,12
OG0000332primerGroup6,23,12
OG0000347primerGroup0,23,12
OG0003688primerGroup1,23,12
OG0003671primerGroup3,23,12
OG0003652primerGroup5,23,12
OG0000399primerGroup2,23,12
OG0000414primerGroup8,23,12
OG0000427primerGroup2,23,12
OG0003588primerGroup2,23,12
OG0003576primerGroup2,23,12
OG0000469primerGroup9,23,12
OG0000486primerGroup0,23,12
OG0000500primerGroup9,23,12
OG0003527primerGroup5,23,12
OG0003512primerGroup9,23,12
OG0003501primerGroup4,23,12
OG0000555primerGroup5,23,12
OG0003384primerGroup1,23,12
OG0003359primerGroup0,23,12
OG0003334primerGroup9,23,12
OG0003308primerGroup3,23,12
OG0003281primerGroup0,23,12
OG0003253primerGroup0,23,12
OG0003226primerGroup0,23,12
OG0003201primerGroup8,23,12
OG0003189primerGroup0,23,12
OG0003164primerGroup6,23,12
OG0000947primerGroup8,23,12
OG0003125primerGroup2,23,12
OG0003114primerGroup0,23,12
OG0000993primerGroup3,23,12
OG0001009primerGroup3,23,12
OG0001021primerGroup1,23,12
OG0001033primerGroup0,23,12
OG0003057primerGroup9,23,12
OG0003043primerGroup8,23,12
OG0001082primerGroup1,23,12
OG0001094primerGroup0,23,12
OG0003011primerGroup7,23,12
OG0002999primerGroup5,23,12
OG0001137primerGroup2,23,12
OG0002970primerGroup5,23,12
OG0001157primerGroup2,23,12
OG0002944primerGroup4,23,12
OG0001186primerGroup4,23,12
OG0002917primerGroup1,23,12
OG0002902primerGroup1,23,12
OG0001386primerGroup2,23,12
OG0002754primerGroup3,23,12
OG0001419primerGroup1,23,12
OG0002725primerGroup1,23,12
OG0002703primerGroup1,23,12
OG0001445primerGroup9,23,12
OG0002675primerGroup4,23,12
OG0001473primerGroup8,23,12
OG0002656primerGroup3,23,12
OG0001501primerGroup8,23,12
OG0001517primerGroup5,23,12
OG0002621primerGroup9,23,12
OG0002596primerGroup2,23,12
OG0001544primerGroup3,23,12
OG0002571primerGroup0,23,12
OG0002554primerGroup7,23,12
OG0002542primerGroup6,23,12
OG0001594primerGroup4,23,12
OG0002517primerGroup1,23,12
OG0001621primerGroup6,23,12
OG0002487primerGroup5,23,12
OG0002462primerGroup2,23,12
OG0001649primerGroup1,23,12
OG0002435primerGroup7,23,12
OG0001672primerGroup6,23,12
OG0001686primerGroup1,23,12
OG0002392primerGroup8,23,12
OG0001713primerGroup0,23,12
OG0002375primerGroup3,23,12
OG0001740primerGroup3,23,12
OG0001754primerGroup2,23,12
OG0002330primerGroup1,23,12
OG0002315primerGroup7,23,12
OG0002300primerGroup4,23,12
OG0002284primerGroup4,23,12
OG0001812primerGroup2,23,12
OG0001823primerGroup1,23,12
OG0001837primerGroup5,23,12
OG0001851primerGroup1,23,12
OG0001868primerGroup2,23,12
OG0001882primerGroup0,23,12
OG0001901primerGroup4,23,12
OG0001914primerGroup0,23,12
OG0002185primerGroup0,23,12
OG0001941primerGroup7,23,12
OG0002160primerGroup2,23,12
OG0001966primerGroup6,23,12
OG0001983primerGroup8,24,12
OG0002125primerGroup4,24,12
OG0002004primerGroup3,24,12
OG0002098primerGroup0,24,12
OG0002027primerGroup2,24,12
OG0002071primerGroup1,24,12
OG0002058primerGroup6,24,12
OG0000301primerGroup3,25,13
OG0003718primerGroup5,25,13
OG0003704primerGroup8,25,13
OG0000348primerGroup3,25,13
OG0000367primerGroup0,25,13
OG0003670primerGroup8,25,13
OG0000384primerGroup0,25,13
OG0003640primerGroup2,25,13
OG0003626primerGroup4,25,13
OG0003609primerGroup9,25,13
OG0003587primerGroup0,25,13
OG0000451primerGroup5,25,13
OG0000470primerGroup7,25,13
OG0003559primerGroup4,25,13
OG0003542primerGroup5,25,13
OG0000512primerGroup7,25,13
OG0000532primerGroup6,25,13
OG0000547primerGroup0,25,13
OG0000556primerGroup1,25,13
OG0003383primerGroup2,25,13
OG0003358primerGroup2,25,13
OG0003333primerGroup1,25,13
OG0003307primerGroup0,25,13
OG0003280primerGroup6,25,13
OG0003251primerGroup5,25,13
OG0003225primerGroup8,25,13
OG0000885primerGroup0,25,13
OG0003188primerGroup4,25,13
OG0003163primerGroup9,25,13
OG0003141primerGroup2,25,13
OG0000958primerGroup5,25,13
OG0000976primerGroup1,25,13
OG0003100primerGroup1,25,13
OG0001010primerGroup6,25,13
OG0001022primerGroup7,25,13
OG0003059primerGroup3,25,13
OG0003056primerGroup1,25,13
OG0003042primerGroup1,25,13
OG0001083primerGroup5,25,13
OG0003021primerGroup1,25,13
OG0001109primerGroup8,25,13
OG0002998primerGroup6,25,13
OG0002986primerGroup3,25,13
OG0002969primerGroup8,25,13
OG0001158primerGroup3,25,13
OG0002942primerGroup0,25,13
OG0002931primerGroup1,25,13
OG0001198primerGroup2,25,13
OG0002901primerGroup2,25,13
OG0001387primerGroup0,25,13
OG0001407primerGroup3,25,13
OG0002741primerGroup0,25,13
OG0002724primerGroup1,25,13
OG0002702primerGroup2,25,13
OG0002689primerGroup5,25,13
OG0001459primerGroup7,25,13
OG0001474primerGroup9,25,13
OG0001489primerGroup9,25,13
OG0001502primerGroup4,25,13
OG0001519primerGroup8,25,13
OG0002620primerGroup9,25,13
OG0002595primerGroup3,25,13
OG0001546primerGroup9,25,13
OG0002570primerGroup0,25,13
OG0001568primerGroup1,25,13
OG0002541primerGroup0,25,13
OG0002529primerGroup4,25,13
OG0002516primerGroup5,25,13
OG0002503primerGroup6,25,13
OG0002486primerGroup0,25,13
OG0001637primerGroup1,25,13
OG0002448primerGroup9,25,13
OG0002434primerGroup1,25,13
OG0002418primerGroup2,25,13
OG0002406primerGroup2,25,13
OG0001697primerGroup8,25,13
OG0002384primerGroup2,25,13
OG0001729primerGroup5,25,13
OG0002360primerGroup4,25,13
OG0002345primerGroup5,25,13
OG0001764primerGroup6,25,13
OG0001777primerGroup1,25,13
OG0002299primerGroup0,25,13
OG0001798primerGroup0,25,13
OG0001813primerGroup2,25,13
OG0001824primerGroup3,25,13
OG0001838primerGroup1,25,13
OG0002239primerGroup9,25,13
OG0002231primerGroup0,25,13
OG0001883primerGroup7,25,13
OG0002213primerGroup5,25,13
OG0002199primerGroup9,25,13
OG0001927primerGroup0,25,13
OG0002173primerGroup3,25,13
OG0001953primerGroup0,25,13
OG0002148primerGroup9,25,13
OG0001984primerGroup0,26,13
OG0001994primerGroup2,26,13
OG0002005primerGroup9,26,13
OG0002097primerGroup0,26,13
OG0002028primerGroup3,26,13
OG0002045primerGroup8,26,13
OG0002059primerGroup9,26,13
OG0003730primerGroup0,27,14
OG0000323primerGroup2,27,14
OG0000333primerGroup3,27,14
OG0000349primerGroup0,27,14
OG0003687primerGroup8,27,14
OG0003669primerGroup0,27,14
OG0000385primerGroup0,27,14
OG0003639primerGroup1,27,14
OG0003625primerGroup0,27,14
OG0003608primerGroup2,27,14
OG0000438primerGroup6,27,14
OG0000452primerGroup2,27,14
OG0000471primerGroup6,27,14
OG0003558primerGroup2,27,14
OG0000501primerGroup1,27,14
OG0000513primerGroup8,27,14
OG0003511primerGroup0,27,14
OG0003500primerGroup7,27,14
OG0000557primerGroup1,27,14
OG0003382primerGroup5,27,14
OG0003357primerGroup2,27,14
OG0003332primerGroup7,27,14
OG0003306primerGroup7,27,14
OG0003279primerGroup2,27,14
OG0003250primerGroup1,27,14
OG0003224primerGroup0,27,14
OG0000886primerGroup2,27,14
OG0003187primerGroup1,27,14
OG0003162primerGroup0,27,14
OG0003140primerGroup0,27,14
OG0003124primerGroup2,27,14
OG0000978primerGroup4,27,14
OG0003099primerGroup0,27,14
OG0001011primerGroup9,27,14
OG0001023primerGroup0,27,14
OG0001034primerGroup0,27,14
OG0001056primerGroup8,27,14
OG0003041primerGroup4,27,14
OG0003033primerGroup0,27,14
OG0001095primerGroup0,27,14
OG0003010primerGroup0,27,14
OG0001124primerGroup6,27,14
OG0001138primerGroup1,27,14
OG0002968primerGroup0,27,14
OG0001159primerGroup0,27,14
OG0001172primerGroup4,27,14
OG0001187primerGroup2,27,14
OG0001199primerGroup8,27,14
OG0002900primerGroup2,27,14
OG0001388primerGroup8,27,14
OG0002753primerGroup2,27,14
OG0002740primerGroup8,27,14
OG0002723primerGroup6,27,14
OG0002701primerGroup0,27,14
OG0001446primerGroup0,27,14
OG0002674primerGroup0,27,14
OG0001475primerGroup4,27,14
OG0002655primerGroup0,27,14
OG0001503primerGroup3,27,14
OG0002634primerGroup0,27,14
OG0001530primerGroup2,27,14
OG0002594primerGroup5,27,14
OG0001547primerGroup4,27,14
OG0002569primerGroup0,27,14
OG0002553primerGroup0,27,14
OG0001582primerGroup9,27,14
OG0001595primerGroup4,27,14
OG0002515primerGroup3,27,14
OG0001622primerGroup9,27,14
OG0002485primerGroup6,27,14
OG0002461primerGroup1,27,14
OG0002447primerGroup7,27,14
OG0002431primerGroup0,27,14
OG0001673primerGroup0,27,14
OG0002405primerGroup8,27,14
OG0002391primerGroup2,27,14
OG0001714primerGroup0,27,14
OG0002373primerGroup9,27,14
OG0002359primerGroup1,27,14
OG0001755primerGroup8,27,14
OG0002329primerGroup0,27,14
OG0001778primerGroup0,27,14
OG0001789primerGroup9,27,14
OG0002283primerGroup0,27,14
OG0002274primerGroup3,27,14
OG0002261primerGroup5,27,14
OG0001839primerGroup0,27,14
OG0001852primerGroup9,27,14
OG0001869primerGroup1,27,14
OG0001884primerGroup1,27,14
OG0002212primerGroup6,27,14
OG0002198primerGroup6,27,14
OG0002184primerGroup0,27,14
OG0001942primerGroup7,27,14
OG0002159primerGroup1,27,14
OG0001967primerGroup9,27,14
OG0001985primerGroup7,28,14
OG0002124primerGroup8,28,14
OG0002109primerGroup1,28,14
OG0002096primerGroup3,28,14
OG0002029primerGroup1,28,14
OG0002046primerGroup0,28,14
OG0000302primerGroup0,29,15
OG0000324primerGroup6,29,15
OG0000334primerGroup6,29,15
OG0000350primerGroup3,29,15
OG0003686primerGroup3,29,15
OG0003668primerGroup6,29,15
OG0003651primerGroup0,29,15
OG0003638primerGroup4,29,15
OG0003624primerGroup8,29,15
OG0000428primerGroup3,29,15
OG0003586primerGroup0,29,15
OG0000453primerGroup0,29,15
OG0000472primerGroup0,29,15
OG0000487primerGroup1,29,15
OG0003541primerGroup8,29,15
OG0003526primerGroup6,29,15
OG0003510primerGroup0,29,15
OG0003499primerGroup5,29,15
OG0000558primerGroup2,29,15
OG0003381primerGroup4,29,15
OG0003356primerGroup0,29,15
OG0003331primerGroup9,29,15
OG0003305primerGroup7,29,15
OG0003278primerGroup0,29,15
OG0003249primerGroup4,29,15
OG0003223primerGroup9,29,15
OG0003200primerGroup9,29,15
OG0003186primerGroup1,29,15
OG0003161primerGroup0,29,15
OG0000948primerGroup8,29,15
OG0000959primerGroup8,29,15
OG0000979primerGroup0,29,15
OG0003098primerGroup8,29,15
OG0003085primerGroup0,29,15
OG0003073primerGroup0,29,15
OG0001035primerGroup1,29,15
OG0003055primerGroup6,29,15
OG0001067primerGroup1,29,15
OG0001084primerGroup5,29,15
OG0003020primerGroup4,29,15
OG0003009primerGroup0,29,15
OG0002997primerGroup7,29,15
OG0002985primerGroup3,29,15
OG0002967primerGroup9,29,15
OG0001160primerGroup5,29,15
OG0002941primerGroup0,29,15
OG0002930primerGroup6,29,15
OG0001200primerGroup0,29,15
OG0002899primerGroup1,29,15
OG0001389primerGroup2,29,15
OG0001409primerGroup5,29,15
OG0001420primerGroup8,29,15
OG0002722primerGroup0,29,15
OG0001431primerGroup3,29,15
OG0001447primerGroup9,29,15
OG0002673primerGroup7,29,15
OG0002664primerGroup0,29,15
OG0002654primerGroup8,29,15
OG0001504primerGroup0,29,15
OG0002633primerGroup2,29,15
OG0001531primerGroup0,29,15
OG0002593primerGroup4,29,15
OG0001548primerGroup3,29,15
OG0002568primerGroup9,29,15
OG0001569primerGroup7,29,15
OG0002540primerGroup0,29,15
OG0001596primerGroup9,29,15
OG0001609primerGroup4,29,15
OG0001623primerGroup1,29,15
OG0002484primerGroup0,29,15
OG0001638primerGroup6,29,15
OG0002445primerGroup2,29,15
OG0001663primerGroup1,29,15
OG0001674primerGroup6,29,15
OG0001687primerGroup6,29,15
OG0001698primerGroup3,29,15
OG0001715primerGroup5,29,15
OG0001730primerGroup2,29,15
OG0001741primerGroup1,29,15
OG0002344primerGroup4,29,15
OG0002328primerGroup4,29,15
OG0002314primerGroup3,29,15
OG0001790primerGroup0,29,15
OG0001799primerGroup3,29,15
OG0002273primerGroup0,29,15
OG0001825primerGroup6,29,15
OG0002250primerGroup3,29,15
OG0001853primerGroup7,29,15
OG0001870primerGroup1,29,15
OG0001885primerGroup0,29,15
OG0001902primerGroup8,29,15
OG0001915primerGroup0,29,15
OG0001928primerGroup0,29,15
OG0002172primerGroup0,29,15
OG0001954primerGroup2,29,15
OG0001968primerGroup6,29,15
OG0001986primerGroup7,30,15
OG0001996primerGroup0,30,15
OG0002006primerGroup2,30,15
OG0002017primerGroup3,30,15
OG0002082primerGroup8,30,15
OG0002070primerGroup0,30,15
OG0003729primerGroup4,31,16
OG0003717primerGroup3,31,16
OG0003703primerGroup9,31,16
OG0000351primerGroup4,31,16
OG0000368primerGroup0,31,16
OG0003666primerGroup0,31,16
OG0000386primerGroup3,31,16
OG0003637primerGroup3,31,16
OG0000417primerGroup1,31,16
OG0003607primerGroup7,31,16
OG0000439primerGroup9,31,16
OG0000454primerGroup9,31,16
OG0000473primerGroup7,31,16
OG0000488primerGroup0,31,16
OG0000503primerGroup3,31,16
OG0003525primerGroup4,31,16
OG0000533primerGroup8,31,16
OG0003498primerGroup6,31,16
OG0000559primerGroup2,31,16
OG0003380primerGroup6,31,16
OG0003355primerGroup4,31,16
OG0003330primerGroup1,31,16
OG0003304primerGroup1,31,16
OG0003277primerGroup1,31,16
OG0003248primerGroup2,31,16
OG0003222primerGroup4,31,16
OG0000887primerGroup1,31,16
OG0003185primerGroup0,31,16
OG0003160primerGroup1,31,16
OG0003139primerGroup5,31,16
OG0000960primerGroup0,31,16
OG0000980primerGroup2,31,16
OG0000996primerGroup8,31,16
OG0001012primerGroup1,31,16
OG0003072primerGroup0,31,16
OG0001036primerGroup1,31,16
OG0003054primerGroup0,31,16
OG0003040primerGroup3,31,16
OG0003032primerGroup4,31,16
OG0003019primerGroup9,31,16
OG0001110primerGroup2,31,16
OG0001125primerGroup9,31,16
OG0002984primerGroup2,31,16
OG0002966primerGroup8,31,16
OG0002954primerGroup0,31,16
OG0001173primerGroup8,31,16
OG0002929primerGroup3,31,16
OG0002916primerGroup9,31,16
OG0001212primerGroup0,31,16
OG0001390primerGroup0,31,16
OG0002752primerGroup4,31,16
OG0002739primerGroup0,31,16
OG0002721primerGroup6,31,16
OG0001432primerGroup2,31,16
OG0001448primerGroup6,31,16
OG0001460primerGroup4,31,16
OG0001476primerGroup5,31,16
OG0002653primerGroup9,31,16
OG0001505primerGroup9,31,16
OG0002632primerGroup0,31,16
OG0002618primerGroup8,31,16
OG0001535primerGroup2,31,16
OG0001549primerGroup5,31,16
OG0002567primerGroup7,31,16
OG0002552primerGroup4,31,16
OG0001583primerGroup7,31,16
OG0002528primerGroup1,31,16
OG0001611primerGroup5,31,16
OG0002502primerGroup5,31,16
OG0002483primerGroup2,31,16
OG0002459primerGroup1,31,16
OG0001650primerGroup2,31,16
OG0002430primerGroup5,31,16
OG0002416primerGroup7,31,16
OG0001688primerGroup2,31,16
OG0001699primerGroup4,31,16
OG0001716primerGroup7,31,16
OG0002372primerGroup6,31,16
OG0002358primerGroup0,31,16
OG0002343primerGroup1,31,16
OG0002327primerGroup2,31,16
OG0001779primerGroup9,31,16
OG0001791primerGroup2,31,16
OG0001800primerGroup4,31,16
OG0001814primerGroup2,31,16
OG0002260primerGroup0,31,16
OG0001840primerGroup3,31,16
OG0002238primerGroup3,31,16
OG0002230primerGroup4,31,16
OG0001886primerGroup9,31,16
OG0002211primerGroup1,31,16
OG0002197primerGroup9,31,16
OG0002183primerGroup2,31,16
OG0001943primerGroup4,31,16
OG0002158primerGroup7,31,16
OG0001969primerGroup0,31,16
OG0002139primerGroup8,32,16
OG0002123primerGroup0,32,16
OG0002108primerGroup5,32,16
OG0002094primerGroup3,32,16
OG0002081primerGroup0,32,16
OG0002047primerGroup5,32,16
OG0000303primerGroup4,33,17
OG0000325primerGroup9,33,17
OG0000335primerGroup4,33,17
OG0000353primerGroup2,33,17
OG0000370primerGroup8,33,17
OG0003665primerGroup3,33,17
OG0000387primerGroup9,33,17
OG0000402primerGroup1,33,17
OG0003623primerGroup7,33,17
OG0003606primerGroup0,33,17
OG0003585primerGroup0,33,17
OG0003575primerGroup4,33,17
OG0000474primerGroup1,33,17
OG0003557primerGroup7,33,17
OG0003540primerGroup4,33,17
OG0000514primerGroup3,33,17
OG0003509primerGroup2,33,17
OG0000548primerGroup0,33,17
OG0000560primerGroup3,33,17
OG0003379primerGroup5,33,17
OG0003354primerGroup0,33,17
OG0003329primerGroup8,33,17
OG0003303primerGroup8,33,17
OG0003276primerGroup8,33,17
OG0003247primerGroup0,33,17
OG0003221primerGroup6,33,17
OG0000888primerGroup0,33,17
OG0003184primerGroup6,33,17
OG0003159primerGroup9,33,17
OG0000949primerGroup0,33,17
OG0000961primerGroup0,33,17
OG0000983primerGroup1,33,17
OG0003096primerGroup1,33,17
OG0003084primerGroup9,33,17
OG0003071primerGroup3,33,17
OG0001037primerGroup3,33,17
OG0001057primerGroup2,33,17
OG0001068primerGroup0,33,17
OG0001085primerGroup3,33,17
OG0001096primerGroup2,33,17
OG0001111primerGroup0,33,17
OG0002996primerGroup0,33,17
OG0001139primerGroup1,33,17
OG0001146primerGroup6,33,17
OG0001161primerGroup5,33,17
OG0002940primerGroup2,33,17
OG0002928primerGroup7,33,17
OG0001201primerGroup5,33,17
OG0001213primerGroup0,33,17
OG0001391primerGroup9,33,17
OG0001410primerGroup0,33,17
OG0002738primerGroup0,33,17
OG0002720primerGroup1,33,17
OG0001433primerGroup1,33,17
OG0001449primerGroup0,33,17
OG0002672primerGroup7,33,17
OG0001477primerGroup7,33,17
OG0002652primerGroup5,33,17
OG0001506primerGroup1,33,17
OG0001520primerGroup,33,17
OG0002616primerGroup3,33,17
OG0002592primerGroup3,33,17
OG0002581primerGroup3,33,17
OG0002566primerGroup8,33,17
OG0002551primerGroup6,33,17
OG0002539primerGroup2,33,17
OG0002527primerGroup1,33,17
OG0002514primerGroup7,33,17
OG0001624primerGroup0,33,17
OG0002482primerGroup2,33,17
OG0001639primerGroup0,33,17
OG0002444primerGroup0,33,17
OG0002429primerGroup2,33,17
OG0001675primerGroup9,33,17
OG0001689primerGroup3,33,17
OG0001700primerGroup1,33,17
OG0002383primerGroup0,33,17
OG0002371primerGroup4,33,17
OG0001742primerGroup1,33,17
OG0002342primerGroup2,33,17
OG0002326primerGroup0,33,17
OG0001780primerGroup6,33,17
OG0002298primerGroup5,33,17
OG0002282primerGroup0,33,17
OG0001815primerGroup6,33,17
OG0001826primerGroup1,33,17
OG0002249primerGroup0,33,17
OG0001854primerGroup0,33,17
OG0001871primerGroup9,33,17
OG0001887primerGroup3,33,17
OG0001903primerGroup2,33,17
OG0001916primerGroup6,33,17
OG0001929primerGroup0,33,17
OG0002171primerGroup1,33,17
OG0002157primerGroup2,33,17
OG0001970primerGroup4,33,17
OG0002138primerGroup2,34,17
OG0001997primerGroup3,34,17
OG0002107primerGroup5,34,17
OG0002019primerGroup8,34,17
OG0002080primerGroup1,34,17
OG0002069primerGroup0,34,17
OG0003728primerGroup1,35,18
OG0003716primerGroup2,35,18
OG0003702primerGroup2,35,18
OG0000354primerGroup8,35,18
OG0003685primerGroup0,35,18
OG0003664primerGroup0,35,18
OG0000388primerGroup0,35,18
OG0003636primerGroup1,35,18
OG0003622primerGroup4,35,18
OG0000429primerGroup8,35,18
OG0000440primerGroup6,35,18
OG0003573primerGroup6,35,18
OG0000476primerGroup4,35,18
OG0000489primerGroup9,35,18
OG0003539primerGroup4,35,18
OG0000515primerGroup0,35,18
OG0000534primerGroup1,35,18
OG0003497primerGroup7,35,18
OG0000561primerGroup8,35,18
OG0003378primerGroup4,35,18
OG0003353primerGroup8,35,18
OG0003328primerGroup8,35,18
OG0003301primerGroup4,35,18
OG0003275primerGroup3,35,18
OG0003246primerGroup0,35,18
OG0003220primerGroup5,35,18
OG0000889primerGroup0,35,18
OG0003183primerGroup2,35,18
OG0003158primerGroup0,35,18
OG0003138primerGroup2,35,18
OG0000962primerGroup4,35,18
OG0003112primerGroup2,35,18
OG0003095primerGroup0,35,18
OG0003083primerGroup7,35,18
OG0001024primerGroup5,35,18
OG0001038primerGroup0,35,18
OG0003053primerGroup9,35,18
OG0003039primerGroup5,35,18
OG0001086primerGroup0,35,18
OG0003018primerGroup8,35,18
OG0003008primerGroup5,35,18
OG0002995primerGroup0,35,18
OG0002983primerGroup0,35,18
OG0001147primerGroup7,35,18
OG0001162primerGroup2,35,18
OG0002939primerGroup7,35,18
OG0001190primerGroup4,35,18
OG0001202primerGroup0,35,18
OG0001214primerGroup8,35,18
OG0001392primerGroup5,35,18
OG0002751primerGroup3,35,18
OG0001422primerGroup3,35,18
OG0002719primerGroup7,35,18
OG0002700primerGroup1,35,18
OG0001450primerGroup3,35,18
OG0001461primerGroup6,35,18
OG0001478primerGroup8,35,18
OG0002651primerGroup2,35,18
OG0002644primerGroup0,35,18
OG0002631primerGroup7,35,18
OG0001533primerGroup0,35,18
OG0002591primerGroup1,35,18
OG0001550primerGroup8,35,18
OG0002565primerGroup5,35,18
OG0002550primerGroup0,35,18
OG0001584primerGroup4,35,18
OG0001597primerGroup0,35,18
OG0001612primerGroup0,35,18
OG0002501primerGroup5,35,18
OG0002481primerGroup0,35,18
OG0001640primerGroup2,35,18
OG0001651primerGroup6,35,18
OG0001664primerGroup7,35,18
OG0002415primerGroup8,35,18
OG0002403primerGroup2,35,18
OG0002390primerGroup1,35,18
OG0001717primerGroup2,35,18
OG0001731primerGroup1,35,18
OG0002357primerGroup8,35,18
OG0001756primerGroup0,35,18
OG0002325primerGroup2,35,18
OG0001781primerGroup1,35,18
OG0002297primerGroup2,35,18
OG0001801primerGroup6,35,18
OG0001816primerGroup0,35,18
OG0002259primerGroup2,35,18
OG0002248primerGroup7,35,18
OG0001855primerGroup8,35,18
OG0002229primerGroup6,35,18
OG0001888primerGroup4,35,18
OG0001904primerGroup1,35,18
OG0001917primerGroup9,35,18
OG0001930primerGroup5,35,18
OG0001944primerGroup8,35,18
OG0001955primerGroup9,35,18
OG0002147primerGroup5,35,18
OG0002137primerGroup3,36,18
OG0001998primerGroup1,36,18
OG0002007primerGroup1,36,18
OG0002093primerGroup0,36,18
OG0002033primerGroup0,36,18
OG0002048primerGroup3,36,18
OG0000304primerGroup3,37,19
OG0000326primerGroup0,37,19
OG0003701primerGroup0,37,19
OG0000355primerGroup9,37,19
OG0000371primerGroup4,37,19
OG0003663primerGroup1,37,19
OG0000389primerGroup4,37,19
OG0003635primerGroup1,37,19
OG0003621primerGroup1,37,19
OG0000430primerGroup3,37,19
OG0003584primerGroup2,37,19
OG0000455primerGroup4,37,19
OG0000477primerGroup0,37,19
OG0003556primerGroup0,37,19
OG0000504primerGroup4,37,19
OG0000516primerGroup0,37,19
OG0000535primerGroup2,37,19
OG0003496primerGroup7,37,19
OG0003410primerGroup3,37,19
OG0003377primerGroup7,37,19
OG0003352primerGroup2,37,19
OG0003327primerGroup8,37,19
OG0003299primerGroup0,37,19
OG0003274primerGroup0,37,19
OG0003245primerGroup8,37,19
OG0003218primerGroup2,37,19
OG0003199primerGroup7,37,19
OG0003182primerGroup4,37,19
OG0003157primerGroup7,37,19
OG0000950primerGroup1,37,19
OG0000964primerGroup0,37,19
OG0003111primerGroup1,37,19
OG0003094primerGroup0,37,19
OG0001013primerGroup5,37,19
OG0003070primerGroup9,37,19
OG0001039primerGroup1,37,19
OG0003052primerGroup6,37,19
OG0001069primerGroup2,37,19
OG0001087primerGroup8,37,19
OG0001097primerGroup0,37,19
OG0001112primerGroup2,37,19
OG0001126primerGroup0,37,19
OG0001140primerGroup0,37,19
OG0002965primerGroup2,37,19
OG0001163primerGroup7,37,19
OG0002938primerGroup8,37,19
OG0001191primerGroup9,37,19
OG0002915primerGroup1,37,19
OG0001215primerGroup8,37,19
OG0002761primerGroup7,37,19
OG0001411primerGroup2,37,19
OG0002737primerGroup8,37,19
OG0002718primerGroup3,37,19
OG0002699primerGroup0,37,19
OG0001451primerGroup1,37,19
OG0001462primerGroup6,37,19
OG0001479primerGroup4,37,19
OG0002650primerGroup3,37,19
OG0001507primerGroup2,37,19
OG0001521primerGroup8,37,19
OG0002615primerGroup4,37,19
OG0002590primerGroup4,37,19
OG0002580primerGroup7,37,19
OG0001561primerGroup0,37,19
OG0002549primerGroup8,37,19
OG0002538primerGroup0,37,19
OG0002526primerGroup1,37,19
OG0002513primerGroup0,37,19
OG0002500primerGroup6,37,19
OG0002480primerGroup6,37,19
OG0002457primerGroup3,37,19
OG0001652primerGroup5,37,19
OG0001665primerGroup2,37,19
OG0001676primerGroup0,37,19
OG0002402primerGroup4,37,19
OG0001701primerGroup3,37,19
OG0001718primerGroup9,37,19
OG0002370primerGroup2,37,19
OG0001743primerGroup6,37,19
OG0002340primerGroup0,37,19
OG0002324primerGroup8,37,19
OG0002312primerGroup0,37,19
OG0002296primerGroup0,37,19
OG0002281primerGroup0,37,19
OG0002272primerGroup7,37,19
OG0001827primerGroup6,37,19
OG0001841primerGroup1,37,19
OG0001856primerGroup7,37,19
OG0001872primerGroup9,37,19
OG0001889primerGroup1,37,19
OG0002210primerGroup1,37,19
OG0002196primerGroup2,37,19
OG0002182primerGroup0,37,19
OG0002170primerGroup9,37,19
OG0002156primerGroup2,37,19
OG0001971primerGroup0,37,19
OG0002136primerGroup5,38,19
OG0002122primerGroup7,38,19
OG0002106primerGroup4,38,19
OG0002092primerGroup6,38,19
OG0002079primerGroup9,38,19
OG0002049primerGroup9,38,19
OG0000309primerGroup7,39,20
OG0003715primerGroup8,39,20
OG0003700primerGroup1,39,20
OG0000356primerGroup3,39,20
OG0003684primerGroup0,39,20
OG0003662primerGroup3,39,20
OG0000390primerGroup1,39,20
OG0003634primerGroup2,39,20
OG0003620primerGroup4,39,20
OG0000431primerGroup3,39,20
OG0000441primerGroup4,39,20
OG0000456primerGroup7,39,20
OG0000478primerGroup1,39,20
OG0003555primerGroup3,39,20
OG0003538primerGroup3,39,20
OG0000517primerGroup6,39,20
OG0003508primerGroup0,39,20
OG0003495primerGroup3,39,20
OG0003409primerGroup6,39,20
OG0003376primerGroup1,39,20
OG0003351primerGroup5,39,20
OG0003325primerGroup1,39,20
OG0003298primerGroup4,39,20
OG0003271primerGroup8,39,20
OG0003244primerGroup0,39,20
OG0003217primerGroup1,39,20
OG0000890primerGroup,39,20
OG0003181primerGroup8,39,20
OG0003155primerGroup3,39,20
OG0000951primerGroup8,39,20
OG0003122primerGroup0,39,20
OG0003110primerGroup1,39,20
OG0003093primerGroup0,39,20
OG0001014primerGroup5,39,20
OG0001026primerGroup2,39,20
OG0001040primerGroup0,39,20
OG0001059primerGroup0,39,20
OG0001071primerGroup2,39,20
OG0003031primerGroup3,39,20
OG0001098primerGroup2,39,20
OG0003007primerGroup1,39,20
OG0001127primerGroup7,39,20
OG0002981primerGroup5,39,20
OG0002964primerGroup0,39,20
OG0002953primerGroup5,39,20
OG0001174primerGroup7,39,20
OG0002927primerGroup7,39,20
OG0001203primerGroup7,39,20
OG0001217primerGroup7,39,20
OG0002760primerGroup0,39,20
OG0002750primerGroup4,39,20
OG0002736primerGroup2,39,20
OG0002717primerGroup0,39,20
OG0001435primerGroup1,39,20
OG0001452primerGroup8,39,20
OG0002671primerGroup8,39,20
OG0001480primerGroup2,39,20
OG0001490primerGroup7,39,20
OG0001508primerGroup5,39,20
OG0002630primerGroup0,39,20
OG0002614primerGroup8,39,20
OG0001536primerGroup3,39,20
OG0001552primerGroup1,39,20
OG0001562primerGroup6,39,20
OG0001571primerGroup5,39,20
OG0001585primerGroup3,39,20
OG0001598primerGroup2,39,20
OG0001613primerGroup4,39,20
OG0002499primerGroup1,39,20
OG0002479primerGroup9,39,20
OG0001641primerGroup3,39,20
OG0002443primerGroup2,39,20
OG0002428primerGroup3,39,20
OG0002414primerGroup3,39,20
OG0001690primerGroup6,39,20
OG0001702primerGroup0,39,20
OG0001719primerGroup2,39,20
OG0001732primerGroup3,39,20
OG0002356primerGroup9,39,20
OG0002339primerGroup0,39,20
OG0001767primerGroup2,39,20
OG0002311primerGroup6,39,20
OG0002295primerGroup4,39,20
OG0001802primerGroup1,39,20
OG0001817primerGroup7,39,20
OG0002258primerGroup0,39,20
OG0001842primerGroup6,39,20
OG0002237primerGroup4,39,20
OG0002227primerGroup2,39,20
OG0001890primerGroup1,39,20
OG0002209primerGroup1,39,20
OG0001918primerGroup6,39,20
OG0001931primerGroup1,39,20
OG0002169primerGroup2,39,20
OG0001956primerGroup7,39,20
OG0002146primerGroup0,39,20
OG0002135primerGroup3,40,20
OG0002121primerGroup6,40,20
OG0002008primerGroup9,40,20
OG0002091primerGroup6,40,20
OG0002078primerGroup0,40,20
OG0002067primerGroup4,40,20
OG0000310primerGroup4,41,21
OG0000327primerGroup4,41,21
OG0003699primerGroup0,41,21
OG0000357primerGroup6,41,21
OG0000372primerGroup9,41,21
OG0003661primerGroup6,41,21
OG0003650primerGroup4,41,21
OG0003633primerGroup3,41,21
OG0003619primerGroup0,41,21
OG0003605primerGroup5,41,21
OG0003583primerGroup3,41,21
OG0003572primerGroup0,41,21
OG0000479primerGroup6,41,21
OG0000490primerGroup4,41,21
OG0003537primerGroup1,41,21
OG0000518primerGroup7,41,21
OG0000536primerGroup2,41,21
OG0000549primerGroup5,41,21
OG0003408primerGroup6,41,21
OG0003375primerGroup4,41,21
OG0003350primerGroup2,41,21
OG0003324primerGroup6,41,21
OG0003297primerGroup0,41,21
OG0003269primerGroup4,41,21
OG0003243primerGroup7,41,21
OG0003216primerGroup9,41,21
OG0003197primerGroup4,41,21
OG0003180primerGroup1,41,21
OG0003154primerGroup8,41,21
OG0000952primerGroup9,41,21
OG0000965primerGroup0,41,21
OG0000984primerGroup0,41,21
OG0000998primerGroup2,41,21
OG0003082primerGroup4,41,21
OG0003069primerGroup8,41,21
OG0001041primerGroup2,41,21
OG0003051primerGroup4,41,21
OG0001072primerGroup2,41,21
OG0003030primerGroup0,41,21
OG0003017primerGroup5,41,21
OG0001113primerGroup8,41,21
OG0002993primerGroup0,41,21
OG0001141primerGroup7,41,21
OG0002963primerGroup1,41,21
OG0001164primerGroup7,41,21
OG0002937primerGroup4,41,21
OG0001192primerGroup2,41,21
OG0001204primerGroup8,41,21
OG0002898primerGroup8,41,21
OG0001393primerGroup1,41,21
OG0001412primerGroup2,41,21
OG0002735primerGroup5,41,21
OG0002716primerGroup9,41,21
OG0002698primerGroup0,41,21
OG0002684primerGroup4,41,21
OG0002670primerGroup9,41,21
OG0002663primerGroup2,41,21
OG0001491primerGroup5,41,21
OG0002643primerGroup4,41,21
OG0002629primerGroup6,41,21
OG0001534primerGroup4,41,21
OG0002589primerGroup3,41,21
OG0002579primerGroup1,41,21
OG0002564primerGroup3,41,21
OG0001572primerGroup8,41,21
OG0001586primerGroup0,41,21
OG0002525primerGroup2,41,21
OG0002512primerGroup5,41,21
OG0001625primerGroup1,41,21
OG0002478primerGroup1,41,21
OG0002456primerGroup7,41,21
OG0001653primerGroup0,41,21
OG0001666primerGroup5,41,21
OG0001677primerGroup0,41,21
OG0002401primerGroup1,41,21
OG0001703primerGroup7,41,21
OG0001720primerGroup0,41,21
OG0002369primerGroup8,41,21
OG0002355primerGroup6,41,21
OG0001757primerGroup0,41,21
OG0002323primerGroup2,41,21
OG0001782primerGroup1,41,21
OG0002294primerGroup3,41,21
OG0001803primerGroup9,41,21
OG0002271primerGroup6,41,21
OG0002257primerGroup1,41,21
OG0002247primerGroup0,41,21
OG0001857primerGroup4,41,21
OG0001873primerGroup0,41,21
OG0001891primerGroup4,41,21
OG0002208primerGroup1,41,21
OG0002195primerGroup3,41,21
OG0001932primerGroup9,41,21
OG0002168primerGroup7,41,21
OG0002155primerGroup4,41,21
OG0001972primerGroup0,41,21
OG0001988primerGroup0,42,21
OG0002120primerGroup7,42,21
OG0002105primerGroup8,42,21
OG0002090primerGroup7,42,21
OG0002034primerGroup5,42,21
OG0002050primerGroup0,42,21
OG0000311primerGroup6,43,22
OG0003714primerGroup8,43,22
OG0000336primerGroup5,43,22
OG0003693primerGroup6,43,22
OG0003683primerGroup6,43,22
OG0003660primerGroup0,43,22
OG0000391primerGroup1,43,22
OG0000404primerGroup4,43,22
OG0003618primerGroup1,43,22
OG0000433primerGroup5,43,22
OG0000442primerGroup4,43,22
OG0000457primerGroup7,43,22
OG0000480primerGroup7,43,22
OG0003553primerGroup0,43,22
OG0000505primerGroup2,43,22
OG0000519primerGroup2,43,22
OG0000537primerGroup5,43,22
OG0003494primerGroup0,43,22
OG0003407primerGroup4,43,22
OG0003374primerGroup4,43,22
OG0003349primerGroup7,43,22
OG0003323primerGroup5,43,22
OG0003295primerGroup0,43,22
OG0003267primerGroup6,43,22
OG0003242primerGroup8,43,22
OG0003215primerGroup0,43,22
OG0000891primerGroup3,43,22
OG0003179primerGroup2,43,22
OG0000937primerGroup8,43,22
OG0000953primerGroup2,43,22
OG0003120primerGroup6,43,22
OG0003109primerGroup0,43,22
OG0001000primerGroup9,43,22
OG0001015primerGroup0,43,22
OG0003068primerGroup0,43,22
OG0001042primerGroup1,43,22
OG0003050primerGroup6,43,22
OG0001073primerGroup3,43,22
OG0001088primerGroup9,43,22
OG0001099primerGroup0,43,22
OG0003006primerGroup5,43,22
OG0001128primerGroup0,43,22
OG0001142primerGroup2,43,22
OG0001148primerGroup6,43,22
OG0002952primerGroup5,43,22
OG0001175primerGroup8,43,22
OG0002926primerGroup0,43,22
OG0001205primerGroup3,43,22
OG0002897primerGroup5,43,22
OG0001394primerGroup8,43,22
OG0002749primerGroup1,43,22
OG0001423primerGroup2,43,22
OG0001429primerGroup2,43,22
OG0001436primerGroup4,43,22
OG0001453primerGroup0,43,22
OG0001463primerGroup2,43,22
OG0001481primerGroup3,43,22
OG0001492primerGroup9,43,22
OG0001509primerGroup9,43,22
OG0001522primerGroup6,43,22
OG0002612primerGroup7,43,22
OG0001537primerGroup8,43,22
OG0001553primerGroup0,43,22
OG0002563primerGroup1,43,22
OG0001573primerGroup9,43,22
OG0002537primerGroup1,43,22
OG0002524primerGroup9,43,22
OG0001614primerGroup0,43,22
OG0002498primerGroup3,43,22
OG0002477primerGroup4,43,22
OG0002455primerGroup9,43,22
OG0001654primerGroup4,43,22
OG0002427primerGroup3,43,22
OG0002413primerGroup2,43,22
OG0001691primerGroup6,43,22
OG0001704primerGroup1,43,22
OG0002382primerGroup3,43,22
OG0001733primerGroup4,43,22
OG0001744primerGroup0,43,22
OG0002338primerGroup9,43,22
OG0002322primerGroup2,43,22
OG0002310primerGroup3,43,22
OG0001792primerGroup0,43,22
OG0002280primerGroup8,43,22
OG0001818primerGroup1,43,22
OG0001828primerGroup6,43,22
OG0001843primerGroup6,43,22
OG0002236primerGroup0,43,22
OG0002226primerGroup0,43,22
OG0002218primerGroup6,43,22
OG0002207primerGroup2,43,22
OG0001919primerGroup0,43,22
OG0002181primerGroup4,43,22
OG0002167primerGroup2,43,22
OG0001957primerGroup0,43,22
OG0001973primerGroup9,43,22
OG0002134primerGroup5,44,22
OG0001999primerGroup8,44,22
OG0002009primerGroup1,44,22
OG0002020primerGroup0,44,22
OG0002077primerGroup0,44,22
OG0002066primerGroup7,44,22
OG0003727primerGroup4,45,23
OG0000328primerGroup9,45,23
OG0003698primerGroup7,45,23
OG0000358primerGroup0,45,23
OG0000373primerGroup5,45,23
OG0003659primerGroup0,45,23
OG0003649primerGroup1,45,23
OG0003632primerGroup1,45,23
OG0000419primerGroup0,45,23
OG0003604primerGroup1,45,23
OG0003582primerGroup7,45,23
OG0000458primerGroup3,45,23
OG0003568primerGroup3,45,23
OG0003552primerGroup8,45,23
OG0003536primerGroup3,45,23
OG0000520primerGroup2,45,23
OG0000539primerGroup4,45,23
OG0003493primerGroup0,45,23
OG0003406primerGroup0,45,23
OG0003373primerGroup4,45,23
OG0003348primerGroup1,45,23
OG0003322primerGroup9,45,23
OG0003294primerGroup0,45,23
OG0003266primerGroup9,45,23
OG0003241primerGroup6,45,23
OG0003214primerGroup8,45,23
OG0000892primerGroup5,45,23
OG0003178primerGroup6,45,23
OG0003151primerGroup4,45,23
OG0003135primerGroup2,45,23
OG0000966primerGroup7,45,23
OG0000986primerGroup0,45,23
OG0003092primerGroup2,45,23
OG0001016primerGroup3,45,23
OG0001027primerGroup9,45,23
OG0001043primerGroup2,45,23
OG0001060primerGroup3,45,23
OG0001074primerGroup6,45,23
OG0003029primerGroup8,45,23
OG0003016primerGroup4,45,23
OG0001114primerGroup2,45,23
OG0001129primerGroup9,45,23
OG0001143primerGroup4,45,23
OG0002962primerGroup2,45,23
OG0001165primerGroup1,45,23
OG0002936primerGroup4,45,23
OG0002925primerGroup0,45,23
OG0001206primerGroup8,45,23
OG0002896primerGroup0,45,23
OG0001395primerGroup2,45,23
OG0002748primerGroup8,45,23
OG0002734primerGroup4,45,23
OG0002715primerGroup5,45,23
OG0002696primerGroup0,45,23
OG0002683primerGroup5,45,23
OG0002669primerGroup3,45,23
OG0001482primerGroup5,45,23
OG0001493primerGroup3,45,23
OG0002642primerGroup0,45,23
OG0001523primerGroup2,45,23
OG0002611primerGroup7,45,23
OG0002588primerGroup0,45,23
OG0001554primerGroup7,45,23
OG0002562primerGroup6,45,23
OG0001574primerGroup0,45,23
OG0002536primerGroup0,45,23
OG0001599primerGroup2,45,23
OG0001615primerGroup9,45,23
OG0001626primerGroup8,45,23
OG0002476primerGroup4,45,23
OG0001642primerGroup4,45,23
OG0002442primerGroup5,45,23
OG0001667primerGroup6,45,23
OG0001678primerGroup0,45,23
OG0002400primerGroup1,45,23
OG0001705primerGroup2,45,23
OG0001721primerGroup8,45,23
OG0001734primerGroup7,45,23
OG0002354primerGroup3,45,23
OG0001758primerGroup5,45,23
OG0001768primerGroup7,45,23
OG0002309primerGroup0,45,23
OG0002293primerGroup9,45,23
OG0001804primerGroup2,45,23
OG0002270primerGroup6,45,23
OG0002256primerGroup2,45,23
OG0001844primerGroup0,45,23
OG0002235primerGroup7,45,23
OG0002225primerGroup0,45,23
OG0001892primerGroup3,45,23
OG0001905primerGroup2,45,23
OG0002194primerGroup5,45,23
OG0002180primerGroup9,45,23
OG0001945primerGroup6,45,23
OG0002154primerGroup7,45,23
OG0001974primerGroup0,45,23
OG0002133primerGroup0,46,23
OG0002119primerGroup5,46,23
OG0002104primerGroup0,46,23
OG0002021primerGroup2,46,23
OG0002076primerGroup5,46,23
OG0002051primerGroup9,46,23
OG0000318primerGroup3,47,24
OG0003713primerGroup0,47,24
OG0000337primerGroup6,47,24
OG0000359primerGroup1,47,24
OG0000374primerGroup1,47,24
OG0003658primerGroup2,47,24
OG0000392primerGroup0,47,24
OG0000405primerGroup6,47,24
OG0003616primerGroup3,47,24
OG0003603primerGroup0,47,24
OG0000443primerGroup0,47,24
OG0003570primerGroup6,47,24
OG0000481primerGroup1,47,24
OG0003551primerGroup8,47,24
OG0000506primerGroup1,47,24
OG0003522primerGroup2,47,24
OG0000540primerGroup7,47,24
OG0003492primerGroup3,47,24
OG0003405primerGroup1,47,24
OG0003372primerGroup8,47,24
OG0003347primerGroup0,47,24
OG0003321primerGroup4,47,24
OG0003293primerGroup8,47,24
OG0003265primerGroup3,47,24
OG0003239primerGroup0,47,24
OG0003213primerGroup1,47,24
OG0003196primerGroup3,47,24
OG0003177primerGroup1,47,24
OG0000938primerGroup4,47,24
OG0003134primerGroup8,47,24
OG0000967primerGroup3,47,24
OG0000987primerGroup8,47,24
OG0001002primerGroup3,47,24
OG0003081primerGroup8,47,24
OG0003067primerGroup3,47,24
OG0001044primerGroup8,47,24
OG0003049primerGroup0,47,24
OG0001075primerGroup3,47,24
OG0001089primerGroup5,47,24
OG0003015primerGroup0,47,24
OG0003005primerGroup1,47,24
OG0001130primerGroup9,47,24
OG0002980primerGroup1,47,24
OG0001149primerGroup0,47,24
OG0001166primerGroup1,47,24
OG0001176primerGroup3,47,24
OG0001193primerGroup9,47,24
OG0001207primerGroup5,47,24
OG0002895primerGroup8,47,24
OG0001396primerGroup4,47,24
OG0001413primerGroup2,47,24
OG0001424primerGroup8,47,24
OG0002714primerGroup4,47,24
OG0002695primerGroup5,47,24
OG0001454primerGroup0,47,24
OG0001464primerGroup9,47,24
OG0002662primerGroup2,47,24
OG0002649primerGroup8,47,24
OG0002641primerGroup3,47,24
OG0002628primerGroup2,47,24
OG0002610primerGroup7,47,24
OG0002587primerGroup5,47,24
OG0002578primerGroup7,47,24
OG0001563primerGroup1,47,24
OG0001576primerGroup1,47,24
OG0001587primerGroup0,47,24
OG0001600primerGroup0,47,24
OG0001617primerGroup2,47,24
OG0002497primerGroup4,47,24
OG0002475primerGroup0,47,24
OG0002454primerGroup0,47,24
OG0001655primerGroup0,47,24
OG0002426primerGroup2,47,24
OG0002412primerGroup4,47,24
OG0002399primerGroup3,47,24
OG0002389primerGroup0,47,24
OG0001722primerGroup6,47,24
OG0002368primerGroup1,47,24
OG0002353primerGroup0,47,24
OG0001759primerGroup5,47,24
OG0002321primerGroup0,47,24
OG0001784primerGroup7,47,24
OG0001793primerGroup9,47,24
OG0002279primerGroup9,47,24
OG0002269primerGroup7,47,24
OG0001829primerGroup8,47,24
OG0002246primerGroup1,47,24
OG0001858primerGroup0,47,24
OG0001874primerGroup1,47,24
OG0001893primerGroup1,47,24
OG0002206primerGroup7,47,24
OG0002193primerGroup7,47,24
OG0001933primerGroup1,47,24
OG0002166primerGroup5,47,24
OG0001958primerGroup8,47,24
OG0001975primerGroup7,47,24
OG0001989primerGroup9,48,24
OG0002000primerGroup5,48,24
OG0002103primerGroup5,48,24
OG0002089primerGroup0,48,24
OG0002075primerGroup0,48,24
OG0002065primerGroup7,48,24
typhi_nucl_18mer_mapping_sam_82_FR,,25
typhi_nucl_18mer_mapping_sam_4_FR,,25
typhi_nucl_18mer_mapping_sam_3_FR,,25
Paratyphi_ABC_18mer_nucl_sam_76_FR,,25
Paratyphi_ABC_18mer_nucl_sam_63_FR,,25
Paratyphi_ABC_18mer_nucl_sam_60_FR,,25
Paratyphi_ABC_18mer_nucl_sam_49_FR,,25
Paratyphi_ABC_18mer_nucl_sam_33_FR,,25
Paratyphi_ABC_18mer_nucl_sam_20_FR,,25
Human_ND5_FR,,25
16S_338F_518R,,25
